"","X1_LD","X2_LDV","X3_SD","X4_SDV","X5_FT10","X6_FT16","X7_FT22","X40_2W","X42_8W","X43_FLC","X44_FRI","X45_8W.GH.FT","X46_8W.GH.LN","X47_0W.GH.FT","X57_FT.Field","X58_FT.Diameter.Field","X59_FT.GH","X60_FT.Duration.GH","X61_LC.Duration.GH","X62_LFS.GH","X63_MT.GH","X64_RP.GH","X65_At1","X66_At1.CFU2","X67_As","X68_As.CFU2","X69_Bs","X70_Bs.CFU2","X71_At2","X72_At2.CFU2","X73_As2","X74_As2.CFU2","X80_LN10","X81_LN16","X82_LN22","X161_Germ.10","X162_Germ.16","X163_Germ.22","X164_Width.10","X165_Width.16","X166_Width.22","X167_Chlorosis.10","X168_Chlorosis.16","X169_Chlorosis.22","X170_Anthocyanin.10","X171_Anthocyanin.16","X172_Anthocyanin.22","X173_Leaf.serr.10","X174_Leaf.serr.16","X175_Leaf.serr.22","X176_Leaf.roll.10","X177_Leaf.roll.16","X178_Leaf.roll.22","X179_Rosette.Erect.22"
"5837",41.875,25,75.6667,42.3333,57,50,43,28,20.2,0.813,2.4135,27.6,15.8,34.1,158.042,25.1824,34.8845,22.505,72.08,57.1281,14.6875,37.0721,0.5,5.331,1,3.528,5.333,4.222,0.167,3.711,0,5.055,21,28,23,7,4,2,4.5,8.5,10.5,0,1,1,0,1,0,0.5,1,1,1,1,0,0
"6008",26,24.6667,69.6667,58,60,41,24,16,17.2,0.018,0.243,25.2,15,25.2,166.69,26.0618,24.379,16.4742,58.0526,41.0804,16.5362,33.3679,1.333,3.102,0.167,4.451,2.333,3.781,0,5.351,0.5,5.055,24,13,13,5,3,2,2.4,8.2,6.2,0,1,1,0,0,0,0.5,0,0,1,0,0,0
"6009",200,47,NA,74.6667,98,151,250,125,31.5,0.939,1.3987,35.9,24.1,200,180.792,26.0843,163.224,NA,NA,NA,NA,NA,1,3.936,2.5,5.091,1.5,5.556,4.6,4.406,0.25,5.144,31,79,178,5,4,4,2.4,7.8,7.7,1,1,1,0,0,1,0,0,0,0,0,0,1
"6016",83.0417,35,200,55,75,101,113,78.2,30.8,2.084,1.89,NA,NA,200,180.088,21.4814,125.997,NA,NA,NA,NA,NA,0.667,3.82,0.333,4.577,4,4.981,1.4,3.737,0.667,4.675,38,50,64,7,3,2,2.8,6.5,9.5,1,1,1,0,1,1,0,0,0.75,0,0,0,1
"6040",200,43.2,200,78,71,92,87,72.4,33,2.321,1.901,33.3,30.4,86,187.514,28.4487,65.1273,32.6043,111.196,97.3101,13.1144,45.7053,0.667,3.362,0.5,5.176,1.333,4.721,0.667,4.078,0.333,4.816,35,37,74,7,3,2,1.8,6.2,9.7,0,0,1,0,0,0,0.5,0,0.5,0,0,0,1
"6042",29.1667,28,83.3403,53.6667,56,35,29,17.6,16.6,0.052,0.425,26.4,16.1,23,152.963,29.1316,24.4555,21.1135,62.6891,45.6661,16.9943,38.2066,1.333,5.325,0.333,4.391,5.5,6.187,0.167,3.354,0,4.714,17,13,9,5,3,2,2,8.5,9,1,1,1,0,1,0,0.5,1,1,0,0,0,0
"6043",200,52.8333,200,99,90,174,250,125,NA,1.49,1.7791,43.4,37.9,200,173.259,27.0311,166.469,NA,NA,NA,NA,NA,1.167,5.117,0.667,4.589,1.5,4.848,0.5,4.103,0.667,3.835,48,82.5,180,5,3,2,3.8,7.2,8.5,0,1,0,1,1,1,0.75,1,1,0,0,0,1
"6046",200,51.25,200,117.2,93,150,250,NA,36.8,3.324,4.3861,42,38,200,170.863,27.4397,NA,NA,NA,NA,NA,NA,1.833,3.939,1,4.757,3.75,4.187,0.833,3.613,1.667,5.177,44,94,184,5,4,2,3.2,7.2,8.6,0,1,0,0,1,1,0,0.75,1,0,0,0,0.5
"6064",200,42,200,NA,96,201,250,125,26.9,1.234,0.838,37.1,27.6,200,188.772,21.7971,166.221,NA,NA,127.604,NA,NA,0.5,3.482,0,4.323,6.333,5.027,1.333,5.669,1.833,4.127,46,116,124,7,3,2,2.4,6.2,11.2,1,1,1,0,1,1,0.75,0.75,1,0,0,0,1
"6074",200,43.6,200,135.333,91,97,123,125,43.8,1.628,1.112,NA,NA,200,174.899,31.2103,103.574,12.3641,115.924,116.162,-0.492884,11.8976,3,3.985,4.2,4.76,5.75,5.889,1.8,4.147,2.833,5.657,37,42,158,7,3,2,2.5,7.2,15,0,0,0,0,0,1,0.75,0.75,0.75,0,0,0,1
"6243",35.8403,24.75,98.2014,50,56,41,29,21.6,19.4,0.248,1.358,25.1,14.9,27,163.691,39.2225,28.3952,27.1637,73.2639,55.5621,18.3128,45.1504,2.833,5.36,0.2,5.5,6.5,3.204,1,4.965,0.833,6.024,23,16,15,7,3,2,2.7,8.6,12.7,0,0,1,0,0,0,0.5,0.5,0,0,0,0,0
"6709",33.6736,26.5,96.7014,61,52,43,39,24.8,17.1,0.548,1.069,24.6,16.4,26.6,160.507,35.3529,25.4878,19.5004,66.4341,44.8206,21.7177,41.2736,1.167,3.771,1.5,3.221,7.167,3.395,0,4.388,2.5,5.742,19,18,23,7,3,2,2,6.2,11,0,0,0,0,1,1,1,1,1.5,0,0,0,0
"6897",45.2083,25.5,200,72.5,62,58,68,49,21.8,2.867,1.0283,32.1,22.1,37.8,167.626,20.8338,50.0923,34.1135,97.2416,84.3481,12.6199,47.049,0.333,4.19,3.5,2.638,7.667,5.96,3,4.596,1.5,4.688,21,41,79,5,4,3,3.6,7.3,11.5,0,1,1,0,1,0,0,0.5,0.5,1,0,0,1
"6898",26.3403,20.4,67.8333,48.1667,41,26,25,15.2,16.8,0.111,1.3907,21.9,11.2,21.8,151.215,42.1358,20.7882,22.0552,65.0562,42.8175,22.147,44.2211,3.333,5.183,0.833,5.619,6.833,4.894,2,4.874,3.167,5.564,12,9,9,5,3,2,4.2,5,4.4,0,0,0,0,0,0,0.5,0,0,1,0,0,0
"6899",27.5,23.1667,88.5208,79.3333,54,34,25,18.6,14.5,0.196,0.3372,24.5,13.5,23.7,153.283,37.939,26.5923,21.0746,64.646,47.7685,16.7447,38.0255,1.833,5.844,2.167,5.34,5.5,5.446,2.167,5.023,1.833,5.968,18,11,8,7,4,2,3.4,9.5,10.5,0,1,1,0,0,0,0,0.5,1,1,1,0,1
"6900",200,33.5,200,107.5,90,171,250,125,25.2,1.113,2.7299,28.7,21.7,200,182.283,21.1494,165.154,NA,NA,NA,NA,NA,3,3.998,4.833,6.168,6.5,4.67,1.667,3.634,4.5,5.065,48,76,156,5,3,2,2.6,5.5,7.5,0,1,1,0,0,0,0,0,0,0,0,0,1
"6901",200,30.2,200,61.5,86,169,250,NA,31.8,1.473,3.1047,36.5,20,200,182.402,19.7076,NA,NA,NA,NA,NA,NA,2.333,2.026,1.833,2.262,6.667,4.773,3.5,2.672,0.667,3.611,36,74,119,5,3,3,2.9,5.2,8.5,0,0,0,0,0,0,0,0,0,0,0,0,1
"6903",38.5278,23.8333,88.5139,56.8333,57,52,38,23.6,17.9,0.369,1.5878,25.7,16.9,30,165.998,26.7362,35.4095,19.2801,68.0131,54.7303,13.3966,32.607,1.833,4.359,1.167,5.464,7.167,4.05,1,5.324,0.5,5.6,24,28,20,7,4,2,3.6,7.2,12,0,1,1,0,1,0,1,1,1,0,1,0,1
"6904",92.5347,23.3333,110.042,36.8333,66,77,66,41,17.1,6.27,2.0591,26.4,17.4,69.9,145.313,36.9139,48.3199,23.0071,91.7904,73.9376,17.7755,40.7945,1.333,3.939,2,4.719,8,2.829,1.333,4.579,0.667,5.05,23,50,69,7,4,3,4.4,7.3,9.4,1,0,1,0,1,0,0.75,0.5,0.5,1,0,1,1
"6905",32,35.1667,101.042,76.3333,65,50,44,34.4,28.8,0.445,1.1803,NA,NA,37.1,181.049,33.0302,32.6968,21.3578,73.4815,54.1202,18.7587,40.4585,0.333,4.16,1.833,4.566,6.667,5.292,0.833,4.984,0.5,4.819,28,33,24,5,3,2,4.6,9.4,11,0,0,0,0,0,1,1,1,1,0,0,0,1
"6906",28.6667,18.6667,61.8333,27,43,38,46,23.2,13.5,1.264,1.3541,23.5,12.5,32.2,114.658,28.4476,30.4244,15.7219,64.1611,46.1034,18.6897,33.8987,4.167,5.421,3.667,3.557,6.833,4.518,5.5,4.938,1.833,4.924,14,25,32,5,3,3,4.8,6.5,7.5,0,1,1,0,0,1,0.5,1,1,0,0,0,1
"6907",46.8681,30.1667,102.542,53.6667,58,57,53,38,24.7,0.857,1.4871,32.3,21.3,35.4,167.833,40.0578,38.318,25.9337,75.5732,61.7463,14.4277,39.7945,0.333,3.343,0,4.495,4.2,3.869,0,3.816,0,3.871,21,53,44,5,3,2,4.2,8.4,8.9,0,1,1,0,0,0,0,0.5,0.75,1,0,0,1
"6908",35.5069,23,95.6333,62.25,49,49,42,27,17.7,1.293,1.3286,26.9,17.3,32.1,158.991,28.1767,37.4853,19.3303,71.5878,56.7456,15.6732,34.4366,4.167,5.492,2.833,4.107,9.833,5.025,1.5,4.275,2.167,4.795,21,28,37,5,4,2,4.2,8.2,11.5,0,1,1,0,1,0,1,0.5,1,1,0,0,1
"6909",27.3333,23,93.825,56.8333,51,32,32,21.6,18.6,0.127,1.2302,27.2,15.1,27.3,172.708,32.2605,25.5152,19.7413,62.6517,45.2227,17.2997,37.0544,2.333,5.036,1.667,5.779,9.75,4.247,1.5,5.717,3.5,5.692,13,12,15,5,3,2,4.5,9,11.2,0,1,1,0,1,0,0,0.75,1,1,1,0,0
"6910",26.8333,21.6667,69.1667,34.5,49,37,26,18.8,16.1,0.035,0.3132,24.1,11.9,27.9,148.116,22.5622,26.5463,18.8578,62.6798,45.5713,17.1191,36.078,1,3.706,0.5,2.696,4,2.596,1.667,4.661,3.833,4.902,17,12,9,5,3,2,4.5,7,9.5,1,1,1,1,1,0,1,1,1.5,1,1,0,0
"6911",31.6667,22,62,26.3333,46,53,39,24.2,18,2.179,2.2244,25,8.3,36.3,111.225,30.0511,26.1398,20.3687,63.9585,46.7079,17.5535,37.9699,0.5,2.721,0.5,3.664,3.667,4.17,0,3.304,0,3.766,12,18,13,5,3,3,6,7,11,0,0,0,1,0,0,0,0,0,0,0,0,1
"6913",200,40.5,200,NA,99,252,250,125,NA,1.846,2.115,NA,NA,200,179.799,21.671,NA,NA,NA,NA,NA,NA,1.5,2.719,1,4.824,2,5.093,0.667,4.325,2.167,4.157,34,88,168,5,3,2,4.3,7,5.7,0,0,0,0,0,1,0,0.75,0.75,0,0,0,1
"6914",140.354,35.5,108.708,53.5,73,85,99,60,28.3,1.811,0.8065,31.2,20.9,75,178.057,33.1322,93.0026,NA,NA,NA,NA,NA,1.5,3.42,0.333,3.794,7,1.449,3.167,5.061,1.5,4.485,41,41,77,7,3,2,5,8.5,10,0,0,1,0,0,1,1,0.75,1,0,1,0,1
"6915",41.2014,30.1667,101.031,55.6667,53,48,46,NA,22.4,0.463,1.2478,29.4,18.6,37.8,179.26,29.6225,37.1818,22.3189,75.8766,59.5483,15.6479,38.3679,1,5.082,0.333,4.401,4.667,4.953,1.167,4.388,2,5.093,20,30,34,5,3,2,5,8.5,10.5,0,1,1,1,0,0,1,0.5,0.5,0,0,1,1
"6916",25.5,27.1667,89.6875,68.3333,63,35,26,20.2,20.3,0.073,1.3893,27,17.8,24.7,182.328,48.3825,24.7756,24.5358,66.9909,49.2125,17.6552,41.5071,0.667,2.591,2.833,4.021,6.667,4.398,3.5,5.215,1.667,5.032,19,15,9,7,4,3,3.3,6.6,10,0,1,1,0,0,0,1,0,0,0,0,0,0
"6917",200,52,200,171.5,121,222,230,125,32.6,1.287,1.8538,37.2,28.9,200,183.293,31.6753,167.759,NA,NA,NA,NA,NA,1.167,3.592,0.833,5.136,3.25,5.326,4,5.197,1.333,4.832,85,148,160,7,4,4,3.6,8.5,10,0,0,1,0,0,1,0,0.75,1,1,0,0,0
"6918",200,53,200,200,108,135,250,125,42,0.951,1.8848,NA,NA,200,180.41,27.7529,168.038,NA,NA,NA,NA,NA,2.667,5.502,3,4.875,4.667,6.242,1.5,5.177,1.167,4.087,65,185,185,5,3,3,4.5,9,9.5,0,1,1,0,1,1,0,1,1,1,0,0,0
"6919",34.6667,24.3333,101.542,49.5,71,46,47,25.6,17.6,0.7,0.396,25.3,16.5,31,167.811,32.3197,30.1221,21.2413,66.5972,51.4199,16.0205,36.7935,0.667,2.443,1.6,3.439,8,3.965,0.5,4.814,1.833,4.884,24,38,28,7,4,2,3.9,6.2,9.2,0,0,1,0,0,1,0.75,0.75,1.5,0,0,0,0
"6920",157.681,44.6667,200,66.1667,71,98,75,55.6,31.9,0.802,0.9328,34.7,26.4,77.8,184.898,30.1706,70.0326,38.7135,125.834,109.776,17.2558,55.8976,0.5,4.506,1.167,3.637,7,4.141,0.167,5.146,0.5,4.756,30,52,54,5,3,2,6,10.3,13,0,0,0,0,0,0,0,0,0.5,0,1,1,1
"6921",162.514,41.6667,200,71,64,98,93,NA,NA,0.835,0.9747,37.8,27.8,73.3,180.514,31.1824,103.141,11.9388,129.321,128.717,5.87399,20.7562,0.667,4.826,0.5,4.775,4.5,4.623,0.333,4.611,0.5,4.924,24,51,48,5,3,2,4.8,9.5,12,0,0,1,0,0,0,0,0,0.5,0,0,1,1
"6922",27.5,25,70.1667,45,48,31,32,20.6,18.7,0.125,1.0577,26.2,16.1,27.1,163.525,31.8109,26.1377,20.175,68.5261,46.1646,22.5222,42.5834,2,3.207,1.833,4.482,4.333,4.257,0.333,4.875,1.5,4.081,14,12,16,5,3,2,3.7,8,11,0,0,0,1,1,0,NA,0.5,1,0,0,0,0
"6923",25.1667,23,106.375,59.8,44,42,31,18.4,14.6,0.289,0.9374,24.5,11.4,22.2,151.954,29.3017,25.2733,17.9923,59.8314,42.6722,16.8704,34.7265,0.5,5.186,2.667,4.638,5.5,4.103,0.333,5.616,0,4.994,17,12,13,5,3,3,3.7,8,8.2,0,1,0,0,1,1,0.5,0.5,0.5,1,0,0,1
"6924",28.8333,24.3333,84.1806,48.3333,49,40,47,31,NA,0.071,1.0266,27.2,15.5,29.7,157.11,36.843,29.4555,19.6054,63.0842,48.975,13.9254,33.6305,0,5.012,1,4.024,1.833,4.183,1.333,4.042,0.667,5.516,17,23,24,5,3,3,4,7.6,12.2,1,0,0,1,1,1,1,1,1,1,0,0,0
"6926",31.6667,22.6667,84.6736,35.8333,49,45,41,NA,NA,0.383,0.6407,26.3,13.6,31.9,154.752,30.6287,30.2434,22.1248,62.0749,52.3083,9.46724,31.7827,0.333,4.14,2.5,3.941,8.667,4.252,0.333,3.374,0,4.738,15,15,19,5,3,2,4.2,10.2,10.3,0,0,0,0,1,1,0,1,1,1,0,0,1
"6927",57.4417,30.5,200,72.8333,51,61,72,NA,48.6,0.382,1.8628,37.9,33.3,55.8,178.072,37.9966,66.3342,32.6717,105.131,99.1584,6.70116,39.0218,3.333,4.269,1.5,5.291,6.667,3.713,2.333,5.303,1.333,4.319,15,45,89,5,3,2,3.6,7.3,9.2,0,1,0,0,0,1,0,0.75,1,1,1,0,1
"6928",38.5208,30.1667,117.292,71,55,57,51,53,33,0.068,1.0219,33.3,21,45,155.385,47.7742,39.0463,26.2835,81.4212,65.0698,16.7439,42.6649,2.167,3.761,1.5,4.821,6,4.122,2,5.258,0.167,4.257,19,44,41,7,3,3,4.2,9.5,10.2,0,0,0,0,0,0,0.75,0.75,1,1,1,0,1
"6929",45.0417,27.6,86.5069,42.8333,71,56,44,24,19.1,1.02,0.825,29.3,13.6,46.1,181.536,22.4096,38.9847,32.8167,92.7655,70.978,20.967,54.2687,1.4,4.194,2.333,4.34,3.833,4.136,1.333,5.481,0.5,4.067,20,38,19,7,3,2,6.5,9.2,11,0,1,1,0,1,0,1,1.5,1.5,1,1,0,1
"6930",35.6806,19.8333,85.4167,33,49,54,40,19.4,13.3,0.463,0.669,23.2,11.6,25.9,160.12,23.3539,34.1935,25.408,76.4327,60.185,16.9525,42.5307,6.667,5.625,5,3.854,8.167,2.755,8.333,4.817,8.5,2.96,13,43,23,5,3,2,3.9,8.5,9.5,0,0,1,1,0,0,1.5,1,1.5,1,1,1,1
"6931",31,22,83.1806,42.1667,46,37,30,20.6,14.4,0.106,0.512,24.6,12.3,25.6,179.882,19.7697,34.5953,22.8269,74.2731,57.3211,16.6227,39.6502,0.667,5.556,0.833,4.854,8.333,4.414,0.833,3.838,0.333,4.651,12,10,15,5,3,2,4,8.9,9.5,0,0,1,0,0,0,1.5,1.5,1.5,0,0,1,1
"6932",26.8333,24.3333,75.5069,61.2,51,36,27,22.2,18.7,0.111,0.3406,29,14.2,27.7,157.905,22.9508,25.5313,20.0586,62.7358,45.2915,17.4254,37.3787,5.667,3.905,7.5,3.091,9.5,2.397,4.333,5.237,6.333,5.838,17,9,11,5,3,2,4.6,8.5,6.5,0,0,1,1,0,0,0,0,0,0,1,0,0
"6933",46.0347,22,76,37.6667,56,52,55,27.4,15.6,2.597,1.3012,25,8.8,49.8,145.696,27.6269,43.3479,21.0244,78.8485,64.3985,13.7587,35.1251,1.167,6.497,1.333,3.097,2.167,4.409,1.333,5.244,0.167,4.487,19,42,65,7,3,2,5,9.2,12,0,0,0,1,0,0,0,0,0,1,0,1,1
"6936",48.0417,24.5,91.5208,40.5,67,54,42,28.6,20,1.378,0.3965,25.5,17.2,42.4,159.259,40.3564,35.5469,21.4268,69.4474,55.7537,13.613,35.2272,2.167,3.883,1.833,3.05,5.833,3.985,1.667,3.775,0.5,4.785,28,42,39,5,3,2,6,12,11.5,0,0,1,1,1,0,1,0.5,1,1,1,0,1
"6937",37.3472,30.6667,83.5208,51.6667,65,50,40,29.4,22.8,0.081,0.3277,29.8,17.4,36.9,174.804,46.5342,39.7894,27.7835,78.7114,67.3863,11.5362,39.174,2,5.736,3.167,4.588,7.5,4.211,0,4.344,0,4.48,20,42,20,7,3,2,4.1,7.6,12.2,0,1,1,0,1,0,0.5,0.5,0.5,1,1,0,1
"6939",26.6667,22.5,86.2167,68,49,32,25,19.6,19,0.185,1.1142,25.6,13.7,23.8,164.066,29.9232,23.4698,18.4535,59.1834,41.2441,18.0362,36.0272,0.5,3.31,0.333,4.552,8.5,4.678,0,3.473,0,4.096,14,10,10,7,3,2,4,9,8,0,0,1,0,0,0,NA,0.5,0,1,0,0,1
"6940",26.8333,24.6667,94.1944,70,49,32,28,18.8,18.2,0.096,1.2245,25.1,12.5,28.7,170.529,42.3391,24.4549,16.0894,62.3651,40.03,22.0091,38.0073,3.333,4.988,5,5.913,6.8,4.514,2.833,6.065,1.833,5.97,11,11,9,7,4,2,3.5,7.2,5.2,0,1,1,1,1,0,0.5,0.5,1,1,1,0,0
"6942",25,20.8333,65,60.1667,46,29,29,20.4,17.4,0.144,1.0632,24.9,14.8,24.2,165.273,35.6868,25.1234,21.586,64.0821,46.7273,17.9245,39.3026,0.167,4.318,0.167,4.23,8.5,2.348,0.333,4.203,0.167,4.755,15,10,13,5,3,2,4.2,9.6,10.2,0,1,1,0,0,1,1,0.5,0.5,1,0,0,0
"6943",31.6667,23.5,NA,51.3333,49,37,32,19.8,15.5,0.162,0.8388,25.1,10.6,26,153.086,30.8001,24.3945,18.7025,60.3371,43.0789,17.0501,35.8733,0.5,4.223,2.333,4.452,6.333,3.443,0.167,3.911,1.5,4.923,15,13,15,7,3,3,3.6,9.6,9.6,0,0,1,1,1,1,0.5,0.5,0.75,1,0,0,1
"6944",28,21.3333,79.6083,46.3333,49,37,32,17.4,14.3,0.203,1.1036,24.3,11.1,22.8,153.702,39.6698,24.4424,25.277,64.7063,50.1927,17.0717,38.997,0.333,5.94,1.833,3.492,6.333,4.507,1,4.547,1.833,4.374,16,11,12,5,3,3,3.6,8.5,10.5,0,1,0,1,1,1,1,0.75,0.75,1,0,0,1
"6945",40.2014,33,104.292,64.3333,55,53,59,NA,NA,0.858,1.258,32.1,17.3,38.9,185.457,32.4302,40.4885,38.4033,89.4564,78.6845,11.4254,49.5743,0.5,1.86,0.333,4.935,2.833,4.682,0,2.899,0.333,4.522,18,60,80,7,3,2,4,7,10,0,0,0,0,1,0,1,0.5,1,1,0,0,1
"6946",32.8403,29.8333,102.442,64.8333,62,45,34,22,21.9,0.038,0.816,26.9,17.8,27.7,176.671,30.3183,31.2434,21.5941,69.1273,52.9199,16.0501,37.8208,0.667,5.54,7,4.847,8.833,3.803,0.333,5.347,0.833,4.844,22,27,16,7,3,2,3.2,8,10.1,0,0,0,0,0,1,1,0.75,1.5,1,0,0,0
"6951",44.0417,25.6667,87.5139,47.1667,68,50,35,24.4,34.5,0.661,2.4586,27.2,21.6,35.5,154.813,21.7027,34.0625,20.8772,71.4362,55.2288,16.2029,37.3443,3.667,3.096,1.833,3.445,5,4.655,3.333,2.966,0.833,3.314,26,31,21,7,4,2,5.5,6.5,9.2,0,0,1,0,1,0,1,1,1,0,0,1,1
"6956",51.2083,27.1667,90.3542,50,69,67,41,NA,19.2,1.3,2.2153,28.1,18.8,42.5,160.55,28.3175,45.6066,28.0164,85.6798,73.5789,12.0083,40.0544,4.667,4.244,3.833,4.977,7,5.158,4.5,5.184,4.167,4.353,26,39,25,7,4,2,3.1,6,9.8,1,1,1,0,0,0,1.5,1,1,0,0,0,1
"6957",44.3681,28.8333,101.201,47,84,NA,55,47.2,24.1,2.175,2.234,29.7,19.6,45.1,162.601,24.3434,54.4853,21.9776,91.2753,76.3725,14.592,36.7066,2.25,2.068,0.333,1.409,8,4.78,2,5.907,1.5,3.893,15,NA,46,7,NA,3,1.5,NA,9.8,1,NA,0,0,NA,0,1,NA,0.75,0,NA,0,0
"6958",27.1667,23.1667,102.542,50,49,31,25,19.4,16.2,3.397,0.4204,25.5,12.9,25.1,163.167,33.5628,24.2279,22.1637,64.5282,46.3328,17.551,40.0871,0.667,3.56,0,3.441,2,5.105,0,2.397,0.5,4.92,16,14,9,7,3,2,6.5,10.8,9.2,0,1,0,1,1,1,0.75,0.5,1,1,1,0,0
"6959",38.0208,29.1667,89.3542,52.3333,51,48,42,28.6,22.7,0.459,0.6573,26.4,16.5,31.5,163.084,32.813,37.3504,23.6135,74.998,61.1569,13.7587,37.6396,0,5.316,2.333,4.295,2,4.442,0.333,4.384,0,4.975,16,34,25,5,3,2,4.5,8.3,10,0,0,0,0,1,0,0,0.5,0.75,0,0,0,1
"6960",24.6667,20.3333,81.8403,38.8333,47,31,25,16.4,14.6,0.241,0.7975,23,13.1,NA,150.914,30.7506,23.2136,17.9194,58.8501,41.0774,17.8695,35.7736,1.833,5.563,0.8,4.554,5,5.204,0.2,3.996,0,4.816,13,12,11,5,3,2,4.5,9,7,0,1,1,1,0,0,0,0.5,0,1,0,0,0
"6961",46.5417,20.1667,73.3333,31.6667,46,47,56,23.8,NA,3.63,1.009,24,10.4,NA,139.717,35.8316,55.5767,26.9776,88.8256,82.5147,7.07637,33.5888,3.333,5.271,3.667,5.288,6.333,5.137,0,3.259,0,4.735,17,39,47,7,3,3,5.7,9.2,10.5,0,0,1,1,0,1,1,0.75,0.75,1,0,0,1
"6962",33.3403,24.5,77,38.8333,52,42,33,21.8,16.8,0.063,1.0127,27.9,11.2,28.6,160.14,27.0246,33.2733,29.1523,76.7473,62.5239,13.7726,43.2537,1.5,4.938,3.667,4.74,9.167,5.963,2,5.961,3.333,5.908,14,24,14,5,3,2,4.2,8.7,10,0,1,1,0,0,0,0.75,1,1.5,1,1,0,1
"6963",50.0417,27,99.7917,37.5,60,66,50,29,17.3,1.371,0.6743,28.7,14.5,41,178.78,29.0857,55.9095,31.1332,105.346,89.2917,16.0415,47.2684,0.833,5.275,2.167,5.061,3.5,4.631,1.667,5.282,1,5.207,25,56,40,5,3,2,11.6,11.4,11,0,1,1,0,0,0,1.5,1.5,1.5,1,0,1,1
"6964",60.8417,32.6667,200,200,93,97,207,79,34.7,0.771,1.0586,33.2,24.4,82,184.659,28.9236,NA,NA,NA,NA,NA,NA,3.833,4.333,3.667,4.837,5.167,5.97,5.5,4.703,3,3.144,40,49,172,7,4,3,4.2,6.5,7,1,1,1,0,0,0,1,0.75,1,0,0,0,0
"6965",200,40,200,80.6667,102,129,81,111.4,33.3,1.793,1.7159,28.1,24.2,90.5,189.574,25.7385,NA,NA,NA,NA,NA,NA,2.667,5.215,1,4.316,2.8,3.93,0.667,3.617,2.167,4.584,31,42,157,5,3,2,3.8,6.8,9.2,0,1,1,0,1,1,0.5,1,1,1,0,0,0
"6966",42.6944,23.8333,96.8611,46.8333,53,58,50,27.8,18.6,0.995,0.8259,26.7,14.4,36,162.518,34.3289,38.2272,22.9341,74.6704,60.4505,13.496,36.4548,1.333,5.368,0,3.975,3.5,3.324,0.667,5.447,0.333,4.893,20,42,39,5,3,2,4.5,9.5,11,0,0,1,0,1,1,1,0.5,0.75,1,0,1,1
"6967",26.8333,21.6667,76.6736,42,44,32,28,19,17.5,0.021,0.798,26.5,12.3,32,154.254,34.9541,29.6221,20.0746,70.47,49.7532,20.6749,40.8352,2.167,4.789,2.167,5.451,7.167,4.61,0.5,4.845,2.667,4.475,13,9,12,5,3,2,3.4,6,11,0,0,0,1,1,1,0,0,0,0,0,0,0
"6968",200,34.5,200,70.8333,71,126,207,98.2,25,2.197,1.0727,NA,NA,200,163.08,24.1876,167.846,NA,NA,NA,NA,NA,0.333,2.906,0,4.025,4.833,4.736,0,3.514,0,3.773,25,61,154,5,3,2,4.3,9,10.5,0,0,0,0,0,1,1,1,1.5,0,0,0,1
"6969",200,33.1667,200,77.5,70,122,250,96.8,24.3,2.777,1.3021,NA,NA,NA,168.641,17.6955,NA,NA,NA,NA,NA,NA,0,1.877,0.167,3.193,4.667,5.826,0,3.617,0.667,2.389,23,60,166,5,3,2,4.4,10.6,11.2,0,0,0,0,1,1,1,1.5,1.5,0,0,0,1
"6970",43.2083,19.8333,69.1667,32.3333,48,45,44,26.4,18.8,3.633,1.2371,25.9,10.6,44.3,136.865,40.484,37.7428,21.0358,73.3895,58.7379,14.5083,35.5925,2.333,4.817,3,3.413,5.167,4.744,1.333,4.507,0,2.905,16,40,55,5,3,2,6,11.5,12,0,0,0,1,1,1,0.75,0.5,0.5,1,1,0,1
"6971",71.375,19.5,92.0278,39.8,51,57,93,44.6,17.4,2.26,1.5324,26.3,10.4,67.8,138.002,35.6479,64.2666,30.1802,101.968,91.9012,9.98768,40.1294,0.167,4.142,0.167,4.511,7,4.402,0,4.373,0,3.267,20,57,63,5,3,2,6.4,9,11.7,0,1,0,0,0,0,0.75,1,1,1,0,0,1
"6972",35.1736,31.3333,73.3333,50.5,63,49,33,26.4,24,0.06,0.2614,28.9,18,33.3,160.559,37.6937,30.8641,21.6523,70.7286,52.6034,17.4952,39.5726,0.833,3.908,0,4.592,7.667,3.783,0.167,3.911,0.5,3.583,23,34,21,5,3,2,4.7,8.5,8.8,0,0,1,0,1,1,NA,0.5,0.5,1,0,0,0
"6973",29.6,27,65.8403,59.5,53,35,35,23.6,21.4,0.045,1.6034,28.2,14.1,27.8,170.599,29.7397,28.6377,22.5358,72.2789,51.2288,21.161,43.7211,2.333,4.056,0.667,4.848,4.667,3.87,0.333,4.844,0.667,5.322,14,15,28,5,3,2,3.2,7.5,10.2,0,1,1,0,0,0,0.5,0,0,0,0,0,0
"6974",200,55.6667,200,161.333,103,151,250,125,58.5,1.346,0.8484,60.3,64,200,176.915,24.3518,162.694,NA,NA,NA,NA,NA,2.167,4.926,4.667,3.8,9.833,4.311,0.667,5.593,0.333,4.814,33,68,184,5,3,2,4.3,8,11.2,0,1,1,0,1,1,1,1,1,0,0,1,1
"6975",31,25,75.6667,50.3333,51,44,37,22.4,21.1,0.116,0.7402,24.7,15.6,28.4,153.514,40.4546,29.879,20.6717,66.4477,50.6355,15.2726,36.2918,1.833,6.24,3.667,4.037,2.833,3.691,0.333,5.589,0.667,5.629,22,24,16,5,3,2,4.6,7.5,9.9,0,1,0,0,0,0,0.75,0.5,1,1,0,0,0
"6976",54.4417,25.1667,110.042,55.3333,56,67,64,32.2,22.1,1.849,1.7096,29.2,20,NA,154.921,31.1251,57.5152,30.505,99.605,88.0881,10.9393,41.7918,0.167,4.383,1,3.73,6.167,3.664,0,4.607,0,2.642,25,55,53,5,3,2,5.3,8,9.5,0,1,1,0,1,1,0,0.5,1,1,0,0,1
"6977",28.3333,23.5,93.1944,64.3333,49,32,27,NA,NA,1.182,1.6562,29.3,13.9,27.6,156.048,27.6969,23.7279,17.3497,58.4456,41.0392,17.8268,34.8932,NA,NA,NA,NA,NA,NA,NA,NA,NA,NA,14,11,11,5,3,2,5,7,10.1,0,0,0,0,0,0,0,0,0,1,0,1,0
"6978",23.6667,21.8333,81.2,52,49,32,26,17.8,15.3,0.11,1.1646,24.5,10.7,NA,166.427,15.9844,23.244,25.3223,66.7732,48.426,18.661,43.8026,1,4.526,2.833,5.26,7.167,5.215,1.333,5.047,2.333,5.141,14,10,9,7,3,2,5.8,6.8,8,0,0,0,1,0,0,0.75,0.5,0.5,1,1,0,0
"6979",23.3333,20.8333,64.5,47.8333,44,28,26,14.2,17.8,0.055,0.3291,21.2,13.7,21.9,159.232,25.218,22.2447,21.3999,66.1626,43.6478,23.3408,44.3696,1.333,3.223,1.167,4.91,3.833,4.583,0,3.522,0.167,3.401,11,9,9,5,3,3,3.9,7.8,6.5,0,1,1,0,1,0,0,0.5,0,1,1,0,0
"6980",99.0333,26.1667,119.042,57,51,77,62,32.2,18.2,1.499,0.7839,25.6,20.7,61.7,162.115,32.9445,55.1675,32.2413,107.421,87.4597,20.7151,52.5363,1.667,4.945,2.167,5.185,5.333,3.455,1.333,3.205,0,4.508,23,56,59,5,3,3,5.4,8.7,13,0,0,1,0,1,0,1,1,1,1,0,1,1
"6981",23.1667,19.1667,64.6667,33.1667,44,27,26,14,15.5,0.025,0.4196,22.6,12.1,22.9,156.997,45.0437,22.4698,16.4388,57.59,38.7379,18.4393,35.0019,0.167,3.252,0,2.709,3.333,3.413,0.167,4.153,0,2.981,16,9,7,7,3,2,4.7,6.2,4.6,0,0,1,0,0,0,0,0,0,1,1,0,0
"6982",28.8333,27.8333,80.1667,43.8333,49,34,29,25.4,25.2,0.047,0.211,28.7,12.6,NA,161.454,28.1269,25.818,21.5552,65.7379,47.3022,18.0501,39.7447,0.833,5.248,1.833,5.078,6.2,4.664,0.667,4.981,0.333,5.137,16,12,16,7,4,3,3.7,8.7,12,0,1,1,0,0,0,0.75,0.5,0.5,1,0,1,1
"6983",59.7917,32.2,200,88.5,71,69,80,NA,42.2,0.702,1.0985,41.7,28.9,54.5,180.723,34.3784,92.9183,18.8533,133.784,111.972,1.68512,36.0298,1.167,4.961,0.5,4.895,7.667,4.103,0.833,4.83,0.333,4.579,19,54,38,5,3,5,4.4,9.5,12,0,0,1,0,0,0,1,1,1,0,0,1,1
"6984",27.8333,21.1667,86.3472,44.1667,53,40,27,19.2,16.7,0.044,0.4455,23.1,14.5,28.3,163.089,42.2855,29.2733,20.2139,65.4269,49.3006,16.161,36.2501,3.167,5.1,1.667,4.57,6,3.09,0.167,5.084,0.5,5.652,16,14,12,5,4,2,3.2,10,10.2,0,0,0,0,0,0,1,1,1,1,0,0,1
"6985",36.8472,21.8333,77,47.3333,56,41,39,25,16.5,0.336,1.7672,25.2,15.4,36,156.511,37.9452,32.3187,21.4388,69.3558,53.6263,15.6749,37.0689,2,5.613,1.667,3.138,5.667,6.225,0.333,2.869,0.167,5.008,18,21,21,7,4,3,3.2,8,11.2,0,0,1,0,0,0,1,1,1,0,0,0,0
"6988",64.7083,25.75,200,42.4,48,70,71,45.8,18.3,3.049,1.143,29.3,12.4,NA,143.812,34.9437,48.1207,22.9631,89.0329,69.8301,19.4876,42.1481,2.5,3.555,1.833,4.429,8.333,6.461,1.333,4.748,0,3.739,19,46,55,7,3,2,3.2,11.8,13,0,0,0,1,1,1,0.5,1,1,1,0,0,0
"7000",NA,NA,NA,NA,65,66.75,54.3,NA,NA,NA,NA,NA,NA,NA,NA,NA,NA,NA,NA,NA,NA,NA,NA,NA,NA,NA,NA,NA,NA,NA,NA,NA,NA,NA,NA,NA,NA,NA,NA,NA,NA,NA,NA,NA,NA,NA,NA,NA,NA,NA,NA,NA,NA,NA
"7014",NA,NA,NA,NA,92,90,95.3,NA,NA,NA,NA,NA,NA,NA,NA,NA,NA,NA,NA,NA,NA,NA,NA,NA,NA,NA,NA,NA,NA,NA,NA,NA,NA,NA,NA,NA,NA,NA,NA,NA,NA,NA,NA,NA,NA,NA,NA,NA,NA,NA,NA,NA,NA,NA
"7033",NA,NA,NA,NA,76,91,126,NA,NA,NA,NA,32.9,12,29.5,185.742,29.5677,NA,NA,NA,NA,NA,NA,4.167,6.307,3.333,3.354,7.833,5.516,1.167,5.861,3.333,6.342,38,47,126,5,3,2,2.4,7.5,13,1,0,0,0,0,0,0,0.5,0.5,1,1,1,1
"7062",NA,NA,NA,NA,46,38.6667,29.8,NA,NA,NA,NA,NA,NA,NA,NA,NA,NA,NA,NA,NA,NA,NA,NA,NA,NA,NA,NA,NA,NA,NA,NA,NA,NA,NA,NA,NA,NA,NA,NA,NA,NA,NA,NA,NA,NA,NA,NA,NA,NA,NA,NA,NA,NA,NA
"7064",NA,NA,NA,NA,79,47.5,46,NA,NA,NA,NA,NA,NA,NA,NA,NA,NA,NA,NA,NA,NA,NA,NA,NA,NA,NA,NA,NA,NA,NA,NA,NA,NA,NA,NA,NA,NA,NA,NA,NA,NA,NA,NA,NA,NA,NA,NA,NA,NA,NA,NA,NA,NA,NA
"7081",45.0312,27.4,76.2,35,46,48,50,24.4,19,0.849,0.934,25.7,11.7,NA,136.856,28.4205,30.4263,18.6135,66.2358,49.2441,17.0501,35.8588,2.333,4.645,2.5,4.2,4,5.589,1.5,5.265,3.167,3.904,11,24,38,5,3,3,2.5,6,9.4,0,0,0,0,0,0,0,0.5,1,1,0,0,1
"7094",NA,NA,NA,NA,58.5,37,29.8,NA,NA,NA,NA,NA,NA,NA,NA,NA,NA,NA,NA,NA,NA,NA,NA,NA,NA,NA,NA,NA,NA,NA,NA,NA,NA,NA,NA,NA,NA,NA,NA,NA,NA,NA,NA,NA,NA,NA,NA,NA,NA,NA,NA,NA,NA,NA
"7123",NA,NA,NA,NA,59.5,42.5,30,NA,NA,NA,NA,NA,NA,NA,NA,NA,NA,NA,NA,NA,NA,NA,NA,NA,NA,NA,NA,NA,NA,NA,NA,NA,NA,NA,NA,NA,NA,NA,NA,NA,NA,NA,NA,NA,NA,NA,NA,NA,NA,NA,NA,NA,NA,NA
"7147",NA,NA,NA,NA,71,50.25,46,NA,NA,NA,NA,NA,NA,NA,NA,NA,NA,NA,NA,NA,NA,NA,NA,NA,NA,NA,NA,NA,NA,NA,NA,NA,NA,NA,NA,NA,NA,NA,NA,NA,NA,NA,NA,NA,NA,NA,NA,NA,NA,NA,NA,NA,NA,NA
"7163",NA,NA,NA,NA,57,39,27.8,NA,NA,NA,NA,NA,NA,NA,NA,NA,NA,NA,NA,NA,NA,NA,NA,NA,NA,NA,NA,NA,NA,NA,NA,NA,NA,NA,NA,NA,NA,NA,NA,NA,NA,NA,NA,NA,NA,NA,NA,NA,NA,NA,NA,NA,NA,NA
"7231",NA,NA,NA,NA,46,33.5,30,NA,NA,NA,NA,NA,NA,NA,NA,NA,NA,NA,NA,NA,NA,NA,NA,NA,NA,NA,NA,NA,NA,NA,NA,NA,NA,NA,NA,NA,NA,NA,NA,NA,NA,NA,NA,NA,NA,NA,NA,NA,NA,NA,NA,NA,NA,NA
"7255",NA,NA,NA,NA,46,35.5,30,NA,NA,NA,NA,NA,NA,NA,NA,NA,NA,NA,NA,NA,NA,NA,NA,NA,NA,NA,NA,NA,NA,NA,NA,NA,NA,NA,NA,NA,NA,NA,NA,NA,NA,NA,NA,NA,NA,NA,NA,NA,NA,NA,NA,NA,NA,NA
"7275",NA,NA,NA,NA,46,29,27,NA,NA,NA,NA,NA,NA,NA,NA,NA,NA,NA,NA,NA,NA,NA,NA,NA,NA,NA,NA,NA,NA,NA,NA,NA,NA,NA,NA,NA,NA,NA,NA,NA,NA,NA,NA,NA,NA,NA,NA,NA,NA,NA,NA,NA,NA,NA
"7282",NA,NA,NA,NA,51,29,23.8,NA,NA,NA,NA,NA,NA,NA,NA,NA,NA,NA,NA,NA,NA,NA,NA,NA,NA,NA,NA,NA,NA,NA,NA,NA,NA,NA,NA,NA,NA,NA,NA,NA,NA,NA,NA,NA,NA,NA,NA,NA,NA,NA,NA,NA,NA,NA
"7296",29.6667,27,89.6806,NA,70,54,45,24.8,20.8,0.109,0.246,29.1,18.4,30.7,173.993,26.3666,27.5158,22.1248,66.0655,49.5468,16.2587,38.5019,5.667,1.541,3,3.809,3.5,2.662,3.8,5.537,4,4.754,20,23,26,5,3,2,2.1,5.1,11.5,0,1,1,0,0,0,0.75,0.5,0.5,0,0,0,0
"7306",NA,NA,NA,NA,60,50.25,67,NA,NA,NA,NA,NA,NA,NA,NA,NA,NA,NA,NA,NA,NA,NA,NA,NA,NA,NA,NA,NA,NA,NA,NA,NA,NA,NA,NA,NA,NA,NA,NA,NA,NA,NA,NA,NA,NA,NA,NA,NA,NA,NA,NA,NA,NA,NA
"7323",29.5208,29.75,81.3403,37.1667,56,59,51,25.8,16.4,NA,NA,26,14.9,42.6,169.36,27.2099,42.2279,21.6831,78.8989,63.8725,14.8695,36.6305,1.167,3.203,2.167,5.407,6.833,4.366,0.5,4.142,1.333,3.723,18,43,54,5,3,2,2.7,8.6,10.5,0,1,1,0,1,0,1.5,1.5,1.5,0,0,0,0
"7346",NA,NA,NA,NA,64,43,42.8,NA,NA,NA,NA,NA,NA,NA,NA,NA,NA,NA,NA,NA,NA,NA,NA,NA,NA,NA,NA,NA,NA,NA,NA,NA,NA,NA,NA,NA,NA,NA,NA,NA,NA,NA,NA,NA,NA,NA,NA,NA,NA,NA,NA,NA,NA,NA
"7418",NA,NA,NA,NA,63,38.25,39,NA,NA,NA,NA,NA,NA,NA,NA,NA,NA,NA,NA,NA,NA,NA,NA,NA,NA,NA,NA,NA,NA,NA,NA,NA,NA,NA,NA,NA,NA,NA,NA,NA,NA,NA,NA,NA,NA,NA,NA,NA,NA,NA,NA,NA,NA,NA
"7424",NA,NA,NA,NA,43,30,26,NA,NA,NA,NA,NA,NA,NA,NA,NA,NA,NA,NA,NA,NA,NA,NA,NA,NA,NA,NA,NA,NA,NA,NA,NA,NA,NA,NA,NA,NA,NA,NA,NA,NA,NA,NA,NA,NA,NA,NA,NA,NA,NA,NA,NA,NA,NA
"7438",85.3681,28,93.0417,44.8333,75,63,79,35.4,20.7,1.552,1.3951,26.6,17.4,48.2,169.45,23.0631,65.1371,36.6217,103.392,98.3839,6.42255,42.0919,2.5,6.398,5.167,5.676,9.5,4.4,2.667,4.927,1.167,5.004,32,25,62,5,3,3,4.4,10.5,9.8,0,1,1,0,0,0,1,1.5,1.5,0,1,1,1
"7460",NA,NA,NA,NA,49,34.75,23.3,NA,NA,NA,NA,NA,NA,NA,NA,NA,NA,NA,NA,NA,NA,NA,NA,NA,NA,NA,NA,NA,NA,NA,NA,NA,NA,NA,NA,NA,NA,NA,NA,NA,NA,NA,NA,NA,NA,NA,NA,NA,NA,NA,NA,NA,NA,NA
"7461",33.1667,24.6,114.375,47,61,51,41,26.6,20,0.469,0.563,26.4,13,28.6,161.331,22.972,30.9704,20.5084,67.9176,51.2685,16.4393,36.9783,4.667,5.513,3.167,3.284,6.333,5.141,2.5,4.257,1.5,4.847,NA,NA,NA,NA,NA,NA,NA,NA,NA,NA,NA,NA,NA,NA,NA,NA,NA,NA,NA,NA,NA,NA
"7477",NA,NA,NA,NA,59,43,43,NA,NA,NA,NA,NA,NA,NA,NA,NA,NA,NA,NA,NA,NA,NA,NA,NA,NA,NA,NA,NA,NA,NA,NA,NA,NA,NA,NA,NA,NA,NA,NA,NA,NA,NA,NA,NA,NA,NA,NA,NA,NA,NA,NA,NA,NA,NA
"7514",41.8611,29.5,98.6333,69.2,58,51,47,NA,NA,0.183,0.2262,29,19.9,36.2,177.659,29.6386,42.2876,28.3384,87.3148,70.66,16.0781,44.7157,2,3.444,0.167,3.913,6.667,4.729,0.667,5.033,1.5,5.449,23,39,36,5,3,2,4.4,10.2,8.5,0,0,0,0,0,0,0.5,0.75,0.75,1,1,0,1
"7515",50.6417,29.3333,NA,NA,49,62,60,96.3,60,0.272,0.9646,42.8,32.9,55.9,179.864,38.3884,63.0945,35.9741,104.753,99.0068,4.96781,41.1499,2.167,5.063,1.667,5.476,7.167,3.41,0.5,3.769,1.5,4.148,15,42,50,5,3,3,3.2,7.4,9.2,0,1,0,0,0,0,0.5,0.75,1,1,1,0,1
"7516",200,42.8333,200,126,100,167,250,125,37.1,1.092,0.3914,39.8,26,200,180.269,35.8317,NA,NA,NA,NA,NA,NA,0.833,4.824,1.667,3.155,6.333,5.323,0,3.653,0.5,5.03,33,71,150,5,4,3,5,10.2,9.5,0,0,1,1,1,1,0.75,0,0,0,0,0,0
"7517",200,NA,200,182.667,107,160,207,125,40.6,1.91,2.6742,NA,NA,200,167.3,25.2455,165.903,NA,NA,NA,NA,NA,0.833,3.232,1.5,4.764,6.167,3.733,0,4.391,0,4.178,41,82,108,5,4,3,5.3,10.5,11,0,1,1,1,1,1,0.75,0,0,1,1,1,0
"7518",185.34,35.3333,200,77.25,103,116,113,NA,NA,1.715,1.6083,35.1,21.6,96.5,186.142,22.7254,NA,NA,NA,NA,NA,NA,1,3.113,1.333,3.292,5.5,2.645,0,4.566,1.5,5.406,39,38,140,5,4,3,5.2,10.5,9.1,0,1,1,0,1,1,1,0,0,1,1,0,0
"7519",101.868,33.1667,109.875,52.6,76,71,68,45.6,24.9,1.143,1.5632,31.9,20.4,NA,190.138,21.1823,91.3035,24.1911,115.082,108.213,9.38736,31.2714,5,5.724,4,5.578,9.333,1.128,4.167,4.514,1.667,4.91,44,49,66,5,4,2,4.3,10.8,10.5,1,1,0,0,1,0,0.5,1,1,1,1,0,1
"7520",36.8403,26,95.0417,60.8333,60,42,33,23,18.1,0.155,2.0038,28.4,16.3,30.8,184.569,31.5892,31.4996,18.5552,68.0526,49.9612,17.5781,36.3208,0.5,5.401,1.333,4.939,4.833,6.356,0,3.93,0,4.943,22,21,21,5,4,3,4.8,8.2,9,0,0,1,0,0,1,0.5,0.5,0.5,1,0,0,0
"7521",36.3472,25.1667,110.292,59.8333,60,52,50,26.4,18.9,1.111,3.6373,28.1,16.4,32,170.608,32.5831,43.4256,24.7915,83.5842,68.1967,15.0231,40.1016,0.5,5.331,2,4.429,8.167,3.164,0.333,4.295,0,5.067,24,37,44,5,4,2,5,8,10.5,1,1,1,0,0,1,1.5,0.5,0.5,0,0,0,0
"7522",63.4417,34.6667,93.2333,58,83,62,64,54.6,28.5,2.695,1.0036,34,18.2,NA,176.851,18.1528,59.6371,30.4662,104.979,90.1982,15.0353,45.4022,3.5,5.874,6.2,4.165,9.833,5.223,3.5,5.532,1.333,5.056,25,58,52,5,3,2,3.4,6.5,5,0,1,0,0,0,0,1,1,1,0,0,0,1
"7523",63.8417,27.6667,200,68.6667,57,60,60,45.8,24.2,0.889,1.8292,28.9,20,58.4,180.59,32.181,92.2434,17.9388,120.382,110.102,11.6864,28.7373,1.333,3.826,0.5,4.324,6,3.338,1.667,5.152,0.667,5.217,20,50,51,5,3,2,3.1,8.4,9.7,0,1,0,0,0,0,0.75,0.75,1,0,0,0,1
"7524",47.0278,24.1667,200,67.2,51,55,73,NA,NA,0.572,2.0003,36.5,30.4,54.1,178.862,43.5212,64.1773,29.083,103.769,93.528,10.212,39.3815,2,2.796,2.667,5.075,8.333,2.896,1.5,4.376,2.167,5.237,15,51,80,5,3,2,2.7,8.2,7.6,0,1,0,0,0,1,0,0.75,1,1,1,0,1
"7525",31.5,24.1667,115.542,78.5,46,41,43,25.8,20.1,0.138,0.7095,26.9,16.5,31.8,162.033,39.4279,31.425,19.1054,68.5318,50.4276,18.0362,37.145,0.667,4.431,1.8,4.065,8.333,3.688,1,5.347,0.8,5.462,15,18,30,5,3,2,3,7.9,8.4,0,1,0,0,0,1,0,0,1,1,1,0,1
"7526",52.0417,29.1667,200,74.4,53,60,87,NA,NA,0.181,0.7381,36.5,31.3,49.3,180.167,27.0369,55.0003,36.3303,102.247,91.2379,10.4812,47.0635,1.833,5.15,0.333,4.383,5,3.947,1,3.335,0.5,4.481,17,54,31,5,3,2,3.5,8,10.7,0,0,1,0,0,0,0.5,0.5,1,1,1,0,1
"8213",25,18.8333,65.1667,37,44,29,27,17,18.2,0.335,1.1361,25.1,10.4,23.4,126.735,29.8788,24.4698,16.3999,57.4318,40.6584,16.8958,32.3076,3.167,5.463,2.333,4.922,8.167,3.538,2.5,5.517,3.167,5.706,15,10,11,5,3,2,5,6,8.5,0,1,0,1,1,0,0.5,0.75,0.75,1,0,0,0
"8214",37.6806,25.8333,94.7014,45.8333,51,48,42,27.4,19.1,0.96,1.1831,25,16,31,160.017,35.406,35.4244,23.248,73.3745,57.9582,15.051,38.1124,1.333,4.577,2.5,3.815,4.333,2.748,0,3.318,0.167,3.055,15,29,22,7,4,3,3.5,7.5,10.5,0,1,0,1,0,0,0.5,1,1,1,0,0,1
"8215",33.6667,24,103.035,59.6667,51,45,37,22.8,17.9,0.839,1.3153,25.3,15,NA,154.676,42.3132,29.091,16.4776,62.924,45.4444,16.8298,33.4555,3.333,6.248,4.333,5.237,5.667,5.552,1,5.763,1,5.823,18,22,25,7,3,3,4,9,11,0,0,0,1,1,1,1,0.5,1.5,1,0,0,1
"8222",200,41.25,200,72.5,90,98,90,69.7,25.4,1.265,0.767,61.5,22.4,83.9,173.074,21.8225,126.273,15.2843,106.381,121.668,11.8221,29.0168,3.833,6.544,2.333,5.428,4.6,3.992,2.667,5.456,3.6,5.262,35,44,43,7,3,2,3,8,13.2,1,1,1,0,1,1,1,0.5,0.5,1,0,0,1
"8230",200,46.8,200,200,97,163,216,21.2,18.5,2.941,2.489,35.2,20.5,200,171.934,23.4475,NA,NA,NA,NA,NA,NA,1.333,3.769,3.667,3.597,6.667,2.838,0.833,5.461,0.667,5.307,47,96,160,7,3,2,2,7.5,11,0,0,1,0,0,0,0,1,1.5,1,0,0,1
"8231",95.0417,NA,NA,NA,91,116,126,116.4,27.1,1.882,0.903,32,22.5,NA,180.884,32.9899,92.2244,NA,NA,NA,NA,NA,2.5,3.445,1.333,4.093,8.667,4.774,0.5,3.782,0.167,5.084,42,60,90,5,3,2,2,6.5,9.2,0,1,1,0,0,0,0.5,1,1,1,0,0,0
"8233",41.5208,46,NA,NA,59,79,73,73.6,37.4,0.627,1.875,49.4,43.4,123,181.484,45.994,74.4652,27.6007,107.756,102.199,5.98704,40.348,2.5,2.763,2,4.988,1.667,5.114,0.833,5.053,1.833,4.975,24,43,62,7,3,2,2.5,6.3,11.5,1,1,1,0,0,0,0.5,1,1,1,0,0,0
"8235",21,23.75,NA,NA,60,71,58,33.8,18.2,1.169,0.825,29,15.5,49.3,176.566,39.6814,63.244,33.7558,110.32,100.115,10.7429,44.0541,1,4.401,0,5.055,8,4.218,0.833,5.465,1,5.152,22,45,52,7,3,2,2.7,5.6,10.5,0,1,1,0,1,0,1.5,0.75,1.5,1,0,0,0
"8236",35.6736,27,97.8681,60,91,44,31,23.2,18.9,0.114,1.072,27.8,15.5,33.3,177.386,41.9794,30.3491,19.3497,64.2208,49.6661,15.6034,34.2844,0.833,3.043,0.333,3.688,2,4.264,0.5,3.272,0.167,5.576,21,21,15,7,3,2,2,8,12.5,0,0,1,0,0,0,0.5,0.75,0.75,0,0,1,0
"8237",200,38.4,200,128.5,97,43,NA,125,25,1.063,1.385,NA,NA,200,NA,NA,NA,NA,NA,NA,NA,NA,0.667,3.269,2.167,3.998,5.167,5.209,0,3.982,0.5,3.825,32,23,NA,7,3,4,0.7,6.6,NA,0,0,NA,0,1,0,0.5,1,NA,0,0,NA,NA
"8239",28.5,25.3333,91.7014,55.8,52,37,29,22.4,21,0.062,2.269,30,17,28,163.14,34.8574,28.5456,19.8578,68.457,48.5086,19.5501,39.6777,1.833,4.47,1.667,3.212,10,5.39,1.167,5.077,1.333,3.723,18,14,14,7,3,2,2.7,9.5,10.5,0,0,1,0,0,1,0.5,0.5,0.5,1,0,0,0
"8240",200,42.5,200,200,93,122,250,114.6,40.9,1.434,0.86,NA,NA,NA,174.339,24.1065,NA,NA,NA,NA,NA,NA,2,3.905,4,4.088,5.5,4.439,1.2,2.826,1.667,3.985,43,84,224,7,3,2,2.3,7.5,11.2,0,1,1,0,0,0,0.5,1,1.5,0,0,0,1
"8241",NA,37,157.021,73.5,73,66,43,33.4,31,0.37,1.146,40,25.3,49.3,189.027,25.6275,52.2428,30.7219,93.9326,82.9444,10.7168,41.578,0.833,2.449,0.333,3.977,3.333,3.639,0.667,3.637,0.5,4.724,37,50,29,7,3,2,3.8,10,16,0,0,1,0,0,0,1,0.75,0.75,0,1,1,1
"8242",200,48.8333,200,200,120,100,250,125,44,1.248,0.636,39.7,38.8,NA,190.945,25.6702,NA,NA,NA,NA,NA,NA,0.667,3.877,1.167,5.007,3.5,4.589,2.667,4.999,3.833,6.03,50,44,254,5,3,2,3,7.6,8.8,0,0,1,0,0,1,0.5,0.5,0.75,1,0,0,0
"8243",93.0417,28.5,200,NA,66,69,51,36.2,19.6,3.598,0.958,NA,NA,NA,157.749,38.5269,66.8893,25.6035,103.919,92.7519,12.145,37.451,2.833,5.468,1.167,4.851,6.333,2.623,0.167,3.815,1.333,4.82,62,58,39,7,3,2,3.2,7.2,10.6,1,1,1,0,0,0,1,1,1.5,1,0,0,1
"8245",34.25,25,83,33.6667,46,47,47,28,18.4,0.362,0.76,25.6,15.6,29,158.899,47.589,27.2739,19.9856,64.3989,47.4199,16.7447,37.011,1.167,5.304,2.5,4.44,8.167,3.779,0.333,5.548,0.333,4.163,18,30,38,7,3,2,2.2,7.4,11.5,0,0,0,0,0,0,0.75,1,1,1,0,0,0
"8247",200,44.75,200,70.8333,87,93,96,77,27.5,3.151,2.093,33.6,27.7,94.1,183.634,30.4749,159.843,NA,NA,NA,NA,NA,1.833,4.803,2.333,5.032,6.667,5.058,0.167,4.662,1,4.58,42,70,78,5,3,2,2.7,7,9,0,0,1,0,1,1,1,1,1,1,1,1,1
"8249",200,41.1667,200,NA,81,98,109,89.8,20.5,1.183,1.281,NA,NA,55,174.311,24.4577,103.671,21.3641,134.407,132.992,1.92336,23.1694,3.667,4.354,3.167,5.594,2.667,5.051,2.833,5.166,1.6,4.41,33,42,60,7,3,2,2.1,5.2,7.5,0,1,1,0,1,1,0,0,0,0,0,0,0
"8254",33.8403,22.8333,86.5069,51,52,52,48,24.8,16.4,1.106,1.494,25.3,14,29.4,163.438,30.045,30.0917,20.3578,68.3449,50.611,15.6923,37.4278,0.167,3.967,0.5,4.604,8.167,2.702,0,3.149,1.667,5.072,16,28,31,7,3,2,2.5,8,12,0,0,0,1,1,0,0.75,0.75,0.75,0,0,0,0
"8256",28.8333,36.3333,85.3472,53.6667,61,41,26,22.6,27.3,0.037,1.79,27.3,19,29.4,180.994,40.6357,25.9406,21.7333,65.4793,47.5698,17.6479,39.5399,1.833,5.135,1.5,5.966,5,3.817,2,5.402,0.167,5.3,19,15,10,7,3,2,2.3,7,12.2,0,1,1,0,1,1,0.75,0.75,1,1,0,0,0
"8258",34,35.6,111.708,71,73,63,34,28.2,26.3,0.338,1.019,28.5,18.2,32.3,180.4,37.9897,32.6669,39.3497,89.3249,71.9444,13.2363,55.5133,1.333,4.935,2.5,5.554,8.167,4.007,1.5,4.983,2.667,5.123,31,38,31,7,3,2,2,8.6,14.5,0,0,1,0,0,0,0.5,0.75,1,1,1,1,0
"8259",37.3472,31.8,106.031,62.8333,73,51,33,27,26.5,0.364,0.883,29.9,17.1,33.1,177.328,28.0289,28.6838,23.9354,70.8352,53.4914,17.0205,41.9178,2.833,4.587,3.833,5.733,9.167,4.334,2.333,3.075,0.167,5.082,32,37,18,7,3,2,2.2,10.3,14.8,0,0,1,0,0,0,0.75,1,1,1,1,1,0
"8264",55.0333,22.3333,106.542,37.4,46,68,108,NA,18.3,NA,NA,NA,NA,NA,151.293,38.8142,74.3236,31.7243,110.352,101.273,10.272,41.4036,2.833,4.585,0.833,4.003,8.333,4.511,1.833,4.928,2.5,5.084,17,42,82,7,3,2,2.6,7.8,10.6,1,1,1,1,0,0,0.5,1,1,0,0,0,1
"8265",25,24.6,77.3333,48.5,44,30,29,20.6,NA,0.088,1.345,26.4,15.7,24.1,161.735,30.8804,23.5002,19.916,62.0282,43.5881,18.2858,38.3588,1.5,3.957,2.333,3.963,6.833,4.867,1,5.411,0.333,5.189,14,9,10,7,3,2,2.2,6.5,9.2,0,0,0,0,0,0,0.5,0,0,0,0,0,0
"8266",200,35,NA,NA,99,180,250,NA,NA,1.266,0.701,50,61.1,200,189.44,23.8987,167.71,NA,NA,NA,NA,NA,NA,NA,NA,NA,NA,NA,NA,NA,NA,NA,48,116,156,5,3,2,2.2,6,9.5,1,1,1,0,1,1,1,1,0.75,0,0,0,1
"8270",33.8,24.5,92.6875,47.6667,49,51,45,25.6,19.1,0.482,NA,26.3,15.5,33.9,165.781,33.8613,30.3037,20.7219,69.7997,51.0392,18.065,39.2393,0.167,2.995,0.4,4.664,8.5,3.729,0,3.949,0.333,5.399,20,32,26,7,3,2,2.6,7,11,0,0,0,0,0,1,0.5,0.75,1,0,0,0,0
"8271",28.1667,26.1667,92.7014,56.5,49,41,29,23.8,22.8,0.146,1.714,29.3,13.8,29.1,179.205,27.64,29.5171,24.5802,71.681,54.506,17.479,41.9706,3.167,5.592,2.333,5.066,5.667,3.752,0.333,3.085,0.667,5.255,15,14,11,7,4,2,2,6.6,8.2,0,1,1,0,1,1,1.5,1.5,1.5,0,0,0,0
"8274",63.0417,32.6,93.0417,56.5,74,87,89,55.8,24.2,NA,NA,28.4,19.7,57.9,150.84,37.4564,61.2333,30.8578,98.6859,91.7826,8.16857,38.5749,4.5,5.911,3.5,4.34,8.5,4.621,2,4.015,3.167,5.646,51,53,64,7,3,3,2.2,8,9.5,0,1,1,0,1,0,0.5,0.5,0.75,0,0,0,1
"8275",34.5,29,105.042,81,68,52,51,32.8,25.8,0.899,0.704,31.1,17.2,34.4,166.058,33.0282,27.5456,21.416,66.5619,49.1278,17.0362,38.7537,2.333,4.778,2,3.416,5.6,3.938,0.5,4.912,1.5,5.291,30,27,29,7,3,3,2.5,6.2,9,1,0,0,0,1,1,1.5,1,1.5,0,0,0,0
"8283",200,34.2,200,131.6,71,84,250,NA,25.4,2.073,1.85,NA,NA,200,178.506,35.7086,32.4035,20.3714,72.239,52.4478,25.9367,42.3136,1.333,4.759,0.6,4.631,2.75,5.612,0,4.539,1.333,3.999,37,47,298,7,3,2,2.1,8.4,10.5,0,0,1,0,1,1,0.5,1,1.5,0,0,0,0
"8284",77.0417,30,89.825,67.3333,61,72,41,29,21.2,0.85,0.696,28.9,18.3,NA,171.937,33.8761,78.3485,27.0325,108.406,98.0968,9.77454,37.1374,NA,NA,NA,NA,NA,NA,NA,NA,NA,NA,18,47,41,7,3,2,2.6,8.2,10,0,0,0,0,1,0,0.5,0.75,1,0,0,1,1
"8285",35.8403,23.5,88.3403,59,70,51,37,22.4,18.3,0.06,0.623,28.2,15.3,28,165.986,36.359,28.0015,16.9662,61.9456,45.1416,16.9664,34.0019,0.333,3.652,1.333,5.118,3.833,4.174,0,4.375,0.5,4.47,28,31,42,7,3,2,1.9,5.8,13.6,0,1,1,0,1,1,1,0.75,0.75,0,0,0,0
"8290",27.3333,23.3333,71.5,33.6,50,41,28,22.4,16.1,0.157,0.402,23,13.6,25.7,149.589,26.9066,25.0504,19.3802,61.4767,44.4216,16.946,36.3533,2.833,4.464,1.5,3.553,0.5,4.095,0.333,2.858,0,3.242,18,12,11,7,3,2,2.7,8.7,12.6,0,1,1,1,1,1,1,1.5,1,1,0,0,0
"8296",29.3403,23.8333,77.6667,56.8333,45,29,28,19,18,0.127,1.152,NA,12,26.5,157.395,36.7109,22.0923,20.9147,58.5728,42.4169,16.3006,36.8841,0.5,4.386,0,4.377,7.333,3.178,0.167,4.214,0.667,4.862,13,11,10,7,3,2,2.2,10,11.7,1,0,0,1,1,0,0,0,0,1,0,0,0
"8297",200,27,200,68.6667,73,104,247,67.3,NA,4.352,1.253,31.8,22.3,200,170.385,33.0638,148.301,NA,NA,NA,NA,NA,3.833,5.639,2.667,4.3,8.833,4.263,0.833,4.079,2.167,4.821,40,55,264,5,3,3,3,7.5,7.5,1,1,1,0,1,1,0.5,0.5,0.5,1,0,0,0
"8300",35.4083,27.6667,88.0208,92,61,51,40,NA,NA,0.175,NA,25.9,15.1,28.4,159.506,28.3226,29.3336,21.7801,67.0282,51.1431,15.5501,37.5255,1.333,4.614,0.667,4.415,5.333,5.401,0.333,3.467,0.333,4.561,31,28,25,7,3,2,2.6,7.6,9.9,0,0,1,1,1,1,0.5,0.5,0.5,1,0,0,0
"8306",72.0417,37.8,200,100.167,96,49,250,125,33.4,0.81,0.804,34.8,24.5,200,198.006,26.0793,NA,NA,NA,NA,NA,NA,6.167,5.86,3,4.917,7.4,3.3,4.167,5.719,2.5,4.87,50,34,230,5,3,2,2.8,6.2,8.5,1,1,1,1,0,0,1,0.75,0.75,0,0,0,1
"8310",26,31,77.3403,57.5,49,31,28,18,15.8,0.184,0.737,24.6,13.6,24.1,175.56,42.2638,22.198,20.2413,59.9176,42.5071,17.3556,37.7066,1,3.916,0.333,3.972,5.667,5.158,0.333,4.982,1.167,5.499,16,13,13,7,3,2,2.5,10.5,12.3,0,0,1,0,1,1,0,0.5,0.5,1,0,0,0
"8311",30.5,22,114.792,57,49,51,48,NA,NA,1.516,1.009,25.1,15.3,36.2,157.679,30.8413,57.4866,23.7801,94.6834,81.4429,13.4664,37.2972,0.667,3.74,2.333,3.141,7.167,3.395,0,4.516,0,4.212,14,31,38,5,3,2,2.7,7.5,11.8,0,0,0,0,0,0,0,0.5,0.5,1,0,0,1
"8312",29.8333,25,81,46.8,66,41,35,25.8,20.9,0.328,0.449,29,19.6,30.1,162.635,41.6808,26.152,20.0164,63.3615,46.1187,16.6758,37.011,0.333,2.965,1.833,4.643,2,3.492,0,3.616,1.167,4.829,38,15,13,7,3,2,2.5,9.5,15.5,0,0,0,0,0,0,0.5,0.5,0.5,1,0,1,0
"8313",26,25,100.208,58.3333,49,35,27,20.2,18.2,0.136,0.33,24.7,13.8,NA,178.431,37.0768,23.4704,18.2801,57.9456,41.8251,16.6182,34.6359,1,3.896,2,4.298,3.667,4.712,0,3.8,0.333,4.919,18,10,10,7,3,2,2,6.3,6,0,0,0,0,0,1,0.75,0.5,0.5,0,1,1,0
"8314",29.4,27,77.6667,36.5,64,41,37,21,15.2,1.222,0.571,24.2,14.2,27.3,159.145,36.2145,24.7577,19.5358,62.1424,44.2303,17.5641,37.2447,1.333,3.221,0,4.279,0.5,5.563,0,4.661,0.167,4.084,41,16,17,7,3,2,2.2,7.2,12,0,0,0,0,0,0,0.75,1,1.5,1,0,1,0
"8323",NA,24,117.701,58.8333,51,41,36,26,20.7,NA,NA,24.1,16.6,27.7,162.387,25.4153,27.0308,20.4696,66.3922,46.9446,21.2151,41.0036,0.667,5.464,0.5,4.639,3.5,3.575,0,4.045,0.2,5.387,13,12,15,7,3,4,1.7,5.5,9.5,0,1,1,0,1,1,0.5,1,1,0,0,0,0
"8325",29.6667,22.8333,77,47,49,41,27,19,15.1,0.043,1.476,24.4,13.8,22.2,172.019,37.1283,24.6072,21.5438,62.2602,46.3725,16.0772,37.6686,1.667,4.314,1.667,3.859,5.167,4.676,0,4.284,0.667,4.566,14,12,9,7,3,2,2.5,6.5,8,0,0,0,0,0,0,0.5,0,0,0,0,0,0
"8326",41.8681,34.8,98.0417,73,67,58,49,NA,25,0.245,1.468,32.7,18.1,47.4,178.751,31.6563,42.1228,22.7702,78.8016,64.6037,14.0425,37.0967,2.167,4.662,1.667,4.258,8,5.371,1.833,5.343,1.5,5.457,30,44,31,7,4,3,3,9.6,13,0,0,1,0,0,0,1.5,1.5,1.5,0,0,0,1
"8329",26.6667,24.3333,74.0083,39,46,31,26,19.2,15.4,0.102,0.32,24.5,11.5,23.2,159.643,37.1783,26.425,18.3999,69.4513,44.6814,24.3424,42.9494,0.333,3.075,1.333,4.655,6,4.983,0.5,2.909,0,3.458,12,10,11,5,3,2,2.1,7.2,9.5,0,1,1,0,1,0,0,0.5,0.5,1,0,0,0
"8334",40.825,25.8333,92.2417,60.4,64,52,51,34.6,22.1,1.69,1.398,29.3,16.2,41.8,165.091,38.6035,36.1066,25.5827,78.2042,61.8893,16.147,41.9349,1.167,5.194,0.333,4.231,3.833,3.508,0.667,4.295,0.333,4.93,21,25,31,7,3,2,2.5,7.2,12.5,1,0,0,0,0,0,0.5,1,1,0,0,0,0
"8335",200,49.8,200,83.3333,104,129,250,NA,NA,2.782,1.914,NA,NA,200,190.365,27.5767,33.8426,31.8478,79.066,65.1732,13.5708,45.5603,1.333,2.688,0.333,3.656,2.6,5.463,2,5.012,0,2.832,48,68,140,7,3,2,2,6.2,9,1,1,1,0,1,1,0.75,0.75,0.75,0,0,0,0
"8337",82.0417,28.5,111.375,36.25,70,74,78,35.6,17.8,NA,NA,29,19,NA,157.687,40.7572,81.9393,24.8196,109.924,101.685,12.4783,36.4753,3.167,3.403,2.167,3.813,2.167,4.51,1.333,5.503,1.833,4.159,33,47,49,7,3,3,2.7,6,7.2,0,1,1,0,0,0,1,0.75,1,0,0,0,1
"8343",33.6667,25,86.0139,46,62,45,26,30.6,20.3,0.166,0.283,27.7,16.4,30.9,157.926,39.144,27.9406,16.7219,62.1611,44.7211,16.8843,34.0345,0,3.03,0.2,4.252,3.667,4.945,0,3.79,0,4.43,21,31,19,5,3,2,2.4,9.5,13.7,0,0,0,0,0,0,0.75,1,1,1,1,0,0
"8351",200,36,200,95,78,112,250,125,31.4,2.07,0.723,34.4,22,NA,168.185,31.5653,NA,NA,NA,NA,NA,NA,1.167,4.791,0.8,5.197,6.5,4.359,0.5,4.586,3.167,4.366,38,59,262,5,3,2,2.6,5.6,8.6,0,0,0,0,0,0,1,1,1,0,0,0,1
"8353",27,19.3333,60.6667,27.6,41,40,37,15.6,14.2,NA,NA,23.8,9.1,26,91.9233,32.4466,24.1196,17.4386,58.0806,40.9688,16.8416,34.5982,2,4.253,0.167,5.054,0.667,4.834,0.833,4.551,0,3.909,9,12,15,5,3,2,2.4,6.2,7.5,0,0,0,0,0,0,0.5,1,1.5,0,0,1,0
"8354",34.3472,27.5,NA,NA,70,45,29,21.4,18.2,0.361,0.469,29,15,33.6,168.001,19.0269,29.8491,22.0552,68.0131,51.9123,16.0083,38.1305,3.333,6.548,0.833,5.202,7.833,5.754,1.5,5.461,5.167,3.093,26,17,12,5,3,2,2.2,7.2,6.4,0,0,0,0,0,0,1,0.5,0.5,1,0,1,0
"8357",52.5417,25.6667,78,40.2,NA,NA,NA,30.2,18.2,NA,NA,25.6,14.7,50.9,150.249,40.2655,50.925,22.8384,87.1424,73.9046,12.7866,35.9965,0.833,2.837,0.833,3.753,6.667,4.802,0.667,2.288,0.833,4.427,18,36,53,5,3,2,3.4,6.2,7.5,0,1,1,0,1,1,1,1,1,1,0,0,0
"8365",27.5,30.5,72.3333,44.6,51,33,26,19.2,18.9,NA,NA,32.2,15.4,26.3,154.76,33.4013,26.091,18.0244,59.3838,44.215,15.9507,33.4982,2.833,4.845,1.833,3.643,8.333,4.92,3,4.47,0.333,4.28,16,12,10,5,3,2,2.7,8,9,0,0,0,0,0,1,1,1,1.5,0,0,0,0
"8366",NA,NA,NA,NA,NA,NA,NA,NA,NA,NA,NA,NA,NA,NA,185.556,42.3477,24.8802,21.7333,67.6388,46.5377,19.2481,42.1759,NA,NA,NA,NA,NA,NA,NA,NA,NA,NA,NA,NA,NA,NA,NA,NA,NA,NA,NA,NA,NA,NA,NA,NA,NA,NA,NA,NA,NA,NA,NA,NA
"8369",95.0417,41,200,76,76,67,110,NA,NA,3.065,2.352,30.6,21.6,69.2,188.367,24.1912,168.936,NA,NA,NA,NA,NA,1.5,5.453,0.5,5.102,7.167,4.799,0.667,5.174,0.667,5.246,36,50,58,5,3,2,2.7,5.8,8,0,1,1,1,1,1,0.5,1,1,0,0,0,1
"8374",31.8333,32.6667,77.5,54,59,45,30,25,19.5,0.309,0.69,28.2,17.1,29.2,167.487,43.4959,30.2733,21.1911,68.5655,51.6034,17.0633,38.2591,1.5,4.208,0.333,4.715,9,6.28,0,4.522,0,4.271,30,31,14,7,3,2,2.4,10.5,16,0,0,0,0,0,0,1,1,0.75,1,0,1,0
"8376",200,45.75,200,73.3333,84,134,250,125,33.1,1.629,0.937,38,19.9,200,167.852,30.0596,164.263,NA,NA,NA,NA,NA,0.833,4.554,0.333,3.816,3.833,5.901,0.5,4.561,0,4.287,40,90,310,7,3,2,2.5,7,7.5,0,1,1,0,0,0,0.5,0.5,0.75,1,0,1,1
"8378",41.825,27.6,87.8542,44,56,50,41,25.2,18.5,0.862,1.27,26.8,16.4,35.2,158.529,35.2714,34.7583,17.3611,67.7883,51.9352,16.1051,33.2265,2.5,4.787,4.5,3.611,5.667,5.016,2.5,5.811,5,4.8,17,22,23,7,3,2,2.2,7.5,10.7,1,1,1,0,0,0,0.75,0.75,0.75,1,0,0,1
"8387",35.5104,30.3333,90.5278,57.8,52,49,44,NA,NA,0.058,NA,32.1,15.9,37,169.976,30.8807,31.4561,21.6523,69.5318,53.3083,16.0781,38.011,0,3.358,2.333,5.447,4.833,4.55,0.167,3.807,1,4.738,18,23,28,5,3,2,2.3,7,12.2,0,1,1,0,0,0,1,1,1.5,0,0,0,1
"8388",NA,24,67.4,40.5,60,46,34,24.6,22.1,NA,NA,26.6,16,32,165.662,31.6882,29.1526,21.3076,69.3787,50.7777,16.29,39.2557,2.333,2.302,0.5,3.668,6.167,4.43,0,4.223,2.167,4.904,19,21,14,5,3,2,2.5,7.2,10.5,0,1,1,0,0,0,1.5,1,1,1,0,0,0
"8389",32.8333,27.2,81.6,47,63,50,38,23.8,20.6,0.156,2.64,26,17.4,28.9,156.875,30.2608,35.4555,11.6637,64.8127,47.0942,17.6889,29.3878,2.5,6.396,2.667,5.8,6.833,3.157,0.167,5.079,0.5,5.324,19,26,19,5,3,2,2.5,6.5,10.2,0,1,1,0,0,0,0.75,1,1,1,0,0,0
"8395",33.3333,36.25,76.8403,49.1667,69,35,40,24.4,22.6,0.035,0.846,29.1,20.7,29.8,162.165,46.372,31.0774,21.0941,69.2602,52.3159,16.7726,38.1396,0.667,4.117,1.833,4.068,2.333,2.389,0.333,4.499,0.333,4.789,27,22,23,5,3,2,2.7,8,12,0,0,0,0,0,0,0.75,1,1,1,0,0,0
"8411",27.1667,25,86.6875,69,NA,NA,NA,21.5,19.6,0.082,0.894,27.3,15.5,24.2,184.665,34.6278,25.7428,22.2607,66.5562,48.0239,18.4664,40.7591,NA,NA,NA,NA,NA,NA,NA,NA,NA,NA,NA,NA,NA,NA,NA,NA,NA,NA,NA,NA,NA,NA,NA,NA,NA,NA,NA,NA,NA,NA,NA,NA
"8412",NA,NA,NA,NA,NA,NA,NA,NA,NA,0.06,0.399,23.1,12.3,22.1,172.804,35.6714,22.3031,18.5941,57.09,40.8893,15.9943,34.6686,2.667,5.112,4,6.045,7.8,4.863,1.333,4.99,0.333,4.561,20,10,8,7,3,2,3.2,7.5,5.6,1,1,1,0,0,0,0,0,0,0,0,0,0
"8420",NA,NA,NA,NA,56,41,28,22.2,18.4,NA,NA,31.8,17,NA,156.536,30.0955,28.2882,18.8384,63.8651,47.2227,17.0903,35.674,2.167,4.877,0.833,4.965,5.4,4.271,0,4.341,0.2,4.716,20,15,14,7,3,3,3.1,9,12,0,0,1,0,0,0,0.75,0.5,0,1,0,0,1
"8422",NA,NA,NA,NA,106,172,250,NA,NA,NA,NA,NA,NA,NA,196.188,31.8918,166.574,NA,NA,NA,NA,NA,1.25,5.56,1.333,4.853,6.5,4.048,1.667,4.084,0.4,5.274,53,168,128,5,3,3,3,6.5,8.3,0,0,1,0,0,0,0,0,0.5,1,0,0,1
"8423",NA,NA,NA,NA,70,53,44,NA,NA,0.179,1.1,33.7,21.2,NA,182.011,33.1707,47.1974,26.1911,91.6554,73.5162,18.7151,44.5979,2.833,5.415,2.167,5.227,4.833,3.429,0.5,3.651,4.333,3.272,24,28,33,5,3,2,3,7.2,12.7,0,0,0,0,0,0,1,0.5,1,0,0,0,0
"8424",44.2014,21.6667,92.2167,35.3333,46,51,63,43.8,28.6,5.958,1.8633,29.2,13,NA,159.533,38.9751,59.1042,29.7236,97.6757,88.7193,9.35774,38.8292,5,5.614,4.667,2.173,8.667,5.102,4.333,5.377,6.667,5.963,13,37,36,5,3,2,4.1,6.2,9.5,0,1,1,1,0,0,0.75,0.75,1,1,0,0,1
"8426",NA,NA,NA,NA,49,31,26,18.6,17.9,0.017,0.709,27,15.6,23.9,166.098,34.0858,25.5211,19.1329,62.5517,45.0896,18.7515,37.5198,0.167,3.175,1.167,4.831,4,5.198,0,3.991,0.5,3.956,14,11,12,6,3,3,3.5,8,12.5,0,0,1,0,0,0,0.75,0.75,0.75,1,0,0,0
"8430",NA,NA,NA,NA,NA,NA,NA,35.2,26.4,1.116,1.958,33.2,17,NA,188.383,30.769,131.032,36.4879,131.937,104.117,27.1982,63.7053,1.667,4.371,1.2,5.445,2.167,5.223,0.167,4.151,1.167,4.898,NA,NA,NA,NA,NA,NA,NA,NA,NA,NA,NA,NA,NA,NA,NA,NA,NA,NA,NA,NA,NA,NA
"9057",NA,NA,NA,NA,76,60,38,33.2,28.2,0.175,0.418,33.1,23.4,NA,180.312,30.5852,40.2577,26.8109,81.0544,66.9444,13.4604,44.7243,0.5,4.977,3.667,3.826,7,1.213,1,4.23,0,3.697,40,42,26,5,4,3,3.2,7.8,12.5,0,0,1,0,0,0,1,0.75,0.75,0,0,0,0
"9058",NA,NA,NA,NA,101,128,250,125,28.5,3.971,2.331,38,15,200,181.68,28.9507,168.391,NA,NA,NA,NA,NA,1.333,5.757,3.833,4.513,6.5,4.466,1.667,4.17,1.667,4.876,38,60,96,7,4,2,NA,NA,NA,1,0,1,0,0,0,0,0,0.5,1,0,0,1
"100000",NA,NA,NA,NA,58,35,27,NA,NA,NA,NA,NA,NA,NA,166.296,22.3056,24.591,18.8497,65.9456,43.3572,23.2151,41.5888,NA,NA,NA,NA,NA,NA,NA,NA,NA,NA,20,10,12,5,3,2,2.8,6.1,8.4,1,0,1,0,0,0,1,0,0,0,0,0,0
