"","chromosome","position"
"X1_112907",1,1.13
"X1_340810",1,3.41
"X1_993374",1,9.93
"X1_1042427",1,10.42
"X1_1149280",1,11.49
"X1_1602136",1,16.02
"X1_2211033",1,22.11
"X1_2775956",1,27.76
"X1_2844525",1,28.45
"X1_3872591",1,38.73
"X1_4142539",1,41.43
"X1_4396087",1,43.96
"X1_5206767",1,52.07
"X1_5482008",1,54.82
"X1_5629159",1,56.29
"X1_5923041",1,59.23
"X1_7449598",1,74.5
"X1_7842523",1,78.43
"X1_8015448",1,80.15
"X1_9343401",1,93.43
"X1_9497118",1,94.97
"X1_9781347",1,97.81
"X1_10423708",1,104.24
"X1_10720273",1,107.2
"X1_11655519",1,116.56
"X1_12093546",1,120.94
"X1_12357583",1,123.58
"X1_13541648",1,135.42
"X1_13712241",1,137.12
"X1_16874727",1,168.75
"X1_17355738",1,173.56
"X1_18340160",1,183.4
"X1_21908667",1,219.09
"X1_23155780",1,231.56
"X1_23381760",1,233.82
"X1_23395010",1,233.95
"X1_23893336",1,238.93
"X1_24071689",1,240.72
"X1_24292774",1,242.93
"X1_24893649",1,248.94
"X1_25717887",1,257.18
"X1_26278413",1,262.78
"X1_26794838",1,267.95
"X1_28666837",1,286.67
"X1_30214313",1,302.14
"X2_322335",2,3.22
"X2_1798445",2,17.98
"X2_2477756",2,24.78
"X2_5021020",2,50.21
"X2_5804076",2,58.04
"X2_6499679",2,65
"X2_7072955",2,70.73
"X2_8371133",2,83.71
"X2_8750047",2,87.5
"X2_9256095",2,92.56
"X2_9428987",2,94.29
"X2_10566917",2,105.67
"X2_12657149",2,126.57
"X2_12658862",2,126.59
"X2_13265124",2,132.65
"X2_14003409",2,140.03
"X2_15801542",2,158.02
"X2_15986354",2,159.86
"X2_16908190",2,169.08
"X2_17121378",2,171.21
"X2_17859964",2,178.6
"X2_18752840",2,187.53
"X3_298210",3,2.98
"X3_580470",3,5.8
"X3_2072780",3,20.73
"X3_2231938",3,22.32
"X3_2236458",3,22.36
"X3_3679541",3,36.8
"X3_4818602",3,48.19
"X3_5235571",3,52.36
"X3_6890665",3,68.91
"X3_7392098",3,73.92
"X3_11398207",3,113.98
"X3_15880426",3,158.8
"X3_16489589",3,164.9
"X3_18590671",3,185.91
"X3_19930624",3,199.31
"X3_20483289",3,204.83
"X3_21632608",3,216.33
"X3_23053878",3,230.54
"X4_1055234",4,10.55
"X4_2441217",4,24.41
"X4_5775707",4,57.76
"X4_7077926",4,70.78
"X4_8078648",4,80.79
"X4_9213312",4,92.13
"X4_9377790",4,93.78
"X4_9580049",4,95.8
"X4_10482088",4,104.82
"X4_10659455",4,106.59
"X4_11326190",4,113.26
"X4_11580143",4,115.8
"X4_11984772",4,119.85
"X4_12404111",4,124.04
"X4_13576588",4,135.77
"X4_15765120",4,157.65
"X4_16272521",4,162.73
"X4_16742071",4,167.42
"X4_17038400",4,170.38
"X4_17608924",4,176.09
"X4_17803781",4,178.04
"X4_18560343",4,185.6
"X5_625679",5,6.26
"X5_872350",5,8.72
"X5_1214057",5,12.14
"X5_1931167",5,19.31
"X5_2244739",5,22.45
"X5_3606967",5,36.07
"X5_5005750",5,50.06
"X5_5319138",5,53.19
"X5_6708014",5,67.08
"X5_7279057",5,72.79
"X5_7442381",5,74.42
"X5_7842993",5,78.43
"X5_7881430",5,78.81
"X5_14216131",5,142.16
"X5_15065196",5,150.65
"X5_15569205",5,155.69
"X5_15767945",5,157.68
"X5_17171676",5,171.72
"X5_17629384",5,176.29
"X5_19316200",5,193.16
"X5_20215473",5,202.15
"X5_20409250",5,204.09
"X5_20518330",5,205.18
"X5_20915321",5,209.15
"X5_22040877",5,220.41
"X5_22414941",5,224.15
"X5_23270994",5,232.71
"X5_23815848",5,238.16
"X5_25301234",5,253.01
"X5_26120955",5,261.21
"X5_26379972",5,263.8
"X5_26708459",5,267.08
